timestamp,SPY,QQQ,AAPL,MSFT
2025-01-01 09:30:00,100.12,200.06,149.95,250.05
2025-01-01 09:31:00,100.15,199.93,149.8,249.91
2025-01-01 09:32:00,100.22,199.97,149.86,250.05
2025-01-01 09:33:00,100.34,200.04,150.07,250.23
2025-01-01 09:34:00,100.35,199.82,150.09,250.03
2025-01-01 09:35:00,100.35,199.97,150.09,250.26
2025-01-01 09:36:00,100.55,200.27,150.36,250.31
2025-01-01 09:37:00,100.66,200.15,150.21,250.17
2025-01-01 09:38:00,100.67,200.16,150.25,250.05
2025-01-01 09:39:00,100.69,200.58,150.45,250.53
2025-01-01 09:40:00,100.71,200.57,150.56,250.72
2025-01-01 09:41:00,100.68,200.4,150.59,250.43
2025-01-01 09:42:00,100.81,200.43,150.58,250.44
2025-01-01 09:43:00,100.58,200.24,150.4,250.35
2025-01-01 09:44:00,100.49,200.23,150.29,250.22
2025-01-01 09:45:00,100.45,200.26,150.4,250.21
2025-01-01 09:46:00,100.31,199.85,150.0,249.67
2025-01-01 09:47:00,100.32,199.31,149.53,249.33
2025-01-01 09:48:00,100.21,199.26,149.41,249.12
2025-01-01 09:49:00,100.09,198.93,149.3,248.86
2025-01-01 09:50:00,100.26,199.0,149.44,249.21
2025-01-01 09:51:00,100.21,198.85,149.27,248.81
2025-01-01 09:52:00,100.22,198.7,149.03,248.22
2025-01-01 09:53:00,100.18,198.86,149.33,248.69
2025-01-01 09:54:00,100.22,198.52,149.16,248.55
2025-01-01 09:55:00,100.25,198.55,149.14,248.52
2025-01-01 09:56:00,100.13,198.45,148.94,248.07
2025-01-01 09:57:00,100.18,198.46,148.89,247.9
2025-01-01 09:58:00,100.15,198.51,148.87,248.13
2025-01-01 09:59:00,100.07,198.23,148.7,247.94
2025-01-01 10:00:00,100.0,198.38,148.57,248.14
2025-01-01 10:01:00,100.1,198.17,148.44,247.82
2025-01-01 10:02:00,100.12,198.16,148.43,247.6
2025-01-01 10:03:00,100.04,198.09,148.26,247.1
2025-01-01 10:04:00,100.1,198.56,148.54,247.46
2025-01-01 10:05:00,100.06,198.83,148.58,247.58
2025-01-01 10:06:00,100.02,198.66,148.39,247.38
2025-01-01 10:07:00,99.75,198.77,148.53,247.56
2025-01-01 10:08:00,99.63,198.53,148.28,247.25
2025-01-01 10:09:00,99.7,198.39,148.29,247.22
2025-01-01 10:10:00,99.86,197.94,148.05,246.76
2025-01-01 10:11:00,99.85,197.63,147.86,246.53
2025-01-01 10:12:00,99.89,197.62,147.85,246.38
2025-01-01 10:13:00,99.86,197.78,147.97,246.59
2025-01-01 10:14:00,99.7,197.73,148.05,246.75
2025-01-01 10:15:00,99.68,197.82,147.88,246.67
2025-01-01 10:16:00,99.66,197.76,147.92,246.68
2025-01-01 10:17:00,99.69,197.47,147.68,246.67
2025-01-01 10:18:00,99.8,197.3,147.6,246.48
2025-01-01 10:19:00,99.69,197.22,147.63,246.41
2025-01-01 10:20:00,99.69,197.51,147.68,246.58
2025-01-01 10:21:00,99.67,197.49,147.68,246.69
2025-01-01 10:22:00,99.63,197.08,147.4,246.31
2025-01-01 10:23:00,99.7,197.11,147.39,246.41
2025-01-01 10:24:00,99.78,196.9,147.46,246.19
2025-01-01 10:25:00,99.84,196.69,147.3,246.05
2025-01-01 10:26:00,99.75,196.76,147.34,246.38
2025-01-01 10:27:00,99.78,197.05,147.51,246.69
2025-01-01 10:28:00,99.84,197.26,147.56,247.04
2025-01-01 10:29:00,99.92,197.12,147.41,246.8
2025-01-01 10:30:00,99.91,197.14,147.38,246.82
2025-01-01 10:31:00,99.75,197.19,147.41,246.94
2025-01-01 10:32:00,99.7,197.42,147.55,247.06
2025-01-01 10:33:00,99.49,197.32,147.44,246.98
2025-01-01 10:34:00,99.56,197.31,147.3,246.81
2025-01-01 10:35:00,99.63,197.03,147.16,246.46
2025-01-01 10:36:00,99.56,196.56,147.11,246.19
2025-01-01 10:37:00,99.72,196.7,147.23,246.43
2025-01-01 10:38:00,99.73,197.11,147.45,246.62
2025-01-01 10:39:00,99.69,197.19,147.49,246.73
2025-01-01 10:40:00,99.72,197.48,147.54,247.05
2025-01-01 10:41:00,99.9,197.67,147.72,247.05
2025-01-01 10:42:00,99.9,197.56,147.64,246.7
2025-01-01 10:43:00,99.99,197.65,147.82,246.77
2025-01-01 10:44:00,99.78,197.89,147.99,247.1
2025-01-01 10:45:00,99.84,197.85,148.12,247.1
2025-01-01 10:46:00,99.77,198.22,148.41,247.44
2025-01-01 10:47:00,99.72,197.82,148.06,246.55
2025-01-01 10:48:00,99.8,197.97,148.2,246.7
2025-01-01 10:49:00,99.64,197.94,148.19,246.69
2025-01-01 10:50:00,99.6,197.88,148.24,246.69
2025-01-01 10:51:00,99.62,197.96,148.26,246.63
2025-01-01 10:52:00,99.75,197.43,147.82,246.34
2025-01-01 10:53:00,99.81,197.16,147.71,246.05
2025-01-01 10:54:00,99.74,197.17,147.75,246.3
2025-01-01 10:55:00,99.72,197.34,147.99,246.64
2025-01-01 10:56:00,99.86,197.19,147.91,246.62
2025-01-01 10:57:00,99.9,197.02,147.88,246.43
2025-01-01 10:58:00,99.84,196.87,147.66,246.45
2025-01-01 10:59:00,99.88,197.2,147.81,246.62
2025-01-01 11:00:00,99.88,197.29,147.72,246.57
2025-01-01 11:01:00,99.98,197.22,147.7,246.61
2025-01-01 11:02:00,99.95,197.38,147.77,246.73
2025-01-01 11:03:00,99.92,197.29,147.81,246.78
2025-01-01 11:04:00,99.91,197.58,147.89,247.17
2025-01-01 11:05:00,99.76,197.44,147.88,246.87
2025-01-01 11:06:00,99.8,197.44,147.91,246.86
2025-01-01 11:07:00,99.72,197.26,147.9,246.69
2025-01-01 11:08:00,99.77,196.81,147.67,246.31
2025-01-01 11:09:00,99.76,196.95,147.76,246.4
2025-01-01 11:10:00,99.67,197.04,147.74,246.28
2025-01-01 11:11:00,99.49,196.95,147.81,246.18
2025-01-01 11:12:00,99.56,196.82,147.89,246.29
2025-01-01 11:13:00,99.47,196.65,147.76,246.05
2025-01-01 11:14:00,99.51,196.45,147.65,245.94
2025-01-01 11:15:00,99.5,196.55,147.62,245.89
2025-01-01 11:16:00,99.71,196.3,147.41,245.65
2025-01-01 11:17:00,99.68,196.33,147.43,245.78
2025-01-01 11:18:00,99.67,196.38,147.52,245.85
2025-01-01 11:19:00,99.76,196.81,147.66,246.35
2025-01-01 11:20:00,99.56,196.79,147.6,246.53
2025-01-01 11:21:00,99.57,196.83,147.62,246.5
2025-01-01 11:22:00,99.62,196.82,147.59,246.67
2025-01-01 11:23:00,99.89,196.34,147.21,246.01
2025-01-01 11:24:00,99.88,196.41,147.24,246.2
2025-01-01 11:25:00,99.93,196.37,147.27,246.17
2025-01-01 11:26:00,100.04,196.83,147.62,246.75
2025-01-01 11:27:00,99.92,196.69,147.53,246.47
2025-01-01 11:28:00,100.05,196.5,147.65,246.49
2025-01-01 11:29:00,100.17,196.48,147.77,246.35
2025-01-01 11:30:00,100.31,196.48,147.56,245.99
2025-01-01 11:31:00,100.28,196.79,147.69,246.25
2025-01-01 11:32:00,100.45,196.93,147.83,246.56
2025-01-01 11:33:00,100.25,197.06,147.92,246.78
2025-01-01 11:34:00,100.39,196.88,147.78,246.59
2025-01-01 11:35:00,100.56,197.22,148.04,246.8
2025-01-01 11:36:00,100.47,196.82,147.69,246.35
2025-01-01 11:37:00,100.38,197.05,147.88,246.71
2025-01-01 11:38:00,100.38,197.55,148.21,247.16
2025-01-01 11:39:00,100.35,197.43,148.03,247.12
2025-01-01 11:40:00,100.21,197.36,147.94,246.95
2025-01-01 11:41:00,100.24,197.38,147.95,246.98
2025-01-01 11:42:00,100.21,197.35,147.75,246.99
2025-01-01 11:43:00,100.28,197.1,147.63,246.76
2025-01-01 11:44:00,100.18,197.08,147.64,246.76
2025-01-01 11:45:00,100.38,196.81,147.52,246.45
2025-01-01 11:46:00,100.36,196.91,147.66,246.56
2025-01-01 11:47:00,100.27,196.89,147.45,246.38
2025-01-01 11:48:00,100.38,197.07,147.71,246.87
2025-01-01 11:49:00,100.29,196.77,147.58,246.68
2025-01-01 11:50:00,100.3,196.72,147.59,246.68
2025-01-01 11:51:00,100.5,196.89,147.55,247.08
2025-01-01 11:52:00,100.33,196.66,147.37,246.82
2025-01-01 11:53:00,100.36,196.73,147.35,246.92
2025-01-01 11:54:00,100.37,196.97,147.58,247.05
2025-01-01 11:55:00,100.45,196.8,147.38,246.33
2025-01-01 11:56:00,100.27,196.68,147.35,246.42
2025-01-01 11:57:00,100.07,196.65,147.34,246.48
2025-01-01 11:58:00,100.2,196.79,147.44,246.61
2025-01-01 11:59:00,100.19,196.39,147.2,246.33
2025-01-01 12:00:00,100.16,196.11,147.06,246.0
2025-01-01 12:01:00,100.09,196.37,147.11,246.27
2025-01-01 12:02:00,99.99,196.43,146.94,246.35
2025-01-01 12:03:00,99.95,196.51,146.95,246.32
2025-01-01 12:04:00,100.06,196.45,146.93,246.53
2025-01-01 12:05:00,100.04,196.26,146.71,246.33
2025-01-01 12:06:00,100.19,196.27,146.65,246.45
2025-01-01 12:07:00,100.35,196.29,146.7,246.47
2025-01-01 12:08:00,100.28,196.28,146.69,246.21
2025-01-01 12:09:00,100.33,196.7,146.99,246.68
2025-01-01 12:10:00,100.11,196.68,147.02,246.8
2025-01-01 12:11:00,100.3,196.47,146.88,246.57
2025-01-01 12:12:00,100.35,196.65,146.94,246.69
2025-01-01 12:13:00,100.18,196.57,146.74,246.23
2025-01-01 12:14:00,100.33,196.88,146.77,246.37
2025-01-01 12:15:00,100.5,197.01,146.82,246.75
2025-01-01 12:16:00,100.65,196.77,146.67,246.51
2025-01-01 12:17:00,100.87,196.83,146.82,246.72
2025-01-01 12:18:00,100.87,196.89,146.87,246.94
2025-01-01 12:19:00,100.84,197.1,146.96,247.06
2025-01-01 12:20:00,100.79,197.57,147.17,247.34
2025-01-01 12:21:00,100.72,197.52,147.18,247.26
2025-01-01 12:22:00,100.72,197.34,146.97,247.01
2025-01-01 12:23:00,100.75,197.18,146.9,246.67
2025-01-01 12:24:00,100.74,196.93,146.71,246.45
2025-01-01 12:25:00,100.81,197.12,146.64,246.49
2025-01-01 12:26:00,100.72,197.03,146.58,246.57
2025-01-01 12:27:00,100.87,197.1,146.59,246.68
2025-01-01 12:28:00,100.79,197.47,146.78,247.11
2025-01-01 12:29:00,101.01,197.47,146.82,247.07
2025-01-01 12:30:00,101.08,197.74,147.11,247.46
2025-01-01 12:31:00,101.06,197.65,147.1,247.33
2025-01-01 12:32:00,101.0,198.17,147.42,247.9
2025-01-01 12:33:00,100.97,198.43,147.49,247.99
2025-01-01 12:34:00,100.9,198.04,147.31,247.71
2025-01-01 12:35:00,101.02,197.98,147.25,247.49
2025-01-01 12:36:00,101.02,197.94,147.23,247.9
2025-01-01 12:37:00,101.0,197.87,147.26,247.76
2025-01-01 12:38:00,100.94,197.97,147.43,247.88
2025-01-01 12:39:00,100.74,198.12,147.64,247.99
2025-01-01 12:40:00,100.7,197.94,147.6,248.03
2025-01-01 12:41:00,100.72,197.82,147.53,247.85
2025-01-01 12:42:00,100.71,197.72,147.47,247.63
2025-01-01 12:43:00,100.6,197.5,147.36,247.22
2025-01-01 12:44:00,100.54,197.69,147.37,247.14
2025-01-01 12:45:00,100.6,197.67,147.27,247.13
2025-01-01 12:46:00,100.51,197.46,147.14,246.96
2025-01-01 12:47:00,100.55,197.5,147.02,246.81
2025-01-01 12:48:00,100.57,197.51,147.05,246.53
2025-01-01 12:49:00,100.52,197.38,146.95,246.38
2025-01-01 12:50:00,100.56,197.59,146.99,246.45
2025-01-01 12:51:00,100.6,197.59,147.03,246.33
2025-01-01 12:52:00,100.71,197.43,146.88,245.93
2025-01-01 12:53:00,100.85,197.37,147.02,245.9
2025-01-01 12:54:00,100.71,197.39,147.04,246.05
2025-01-01 12:55:00,100.62,197.65,147.15,246.24
2025-01-01 12:56:00,100.64,198.01,147.24,246.56
2025-01-01 12:57:00,100.65,197.77,147.1,245.87
2025-01-01 12:58:00,100.64,197.55,147.03,245.53
2025-01-01 12:59:00,101.11,197.65,147.14,245.52
2025-01-01 13:00:00,101.11,197.63,147.3,245.62
2025-01-01 13:01:00,101.19,197.79,147.29,245.68
2025-01-01 13:02:00,101.25,198.64,147.98,246.72
2025-01-01 13:03:00,101.36,198.71,148.18,246.63
2025-01-01 13:04:00,101.31,198.89,148.4,246.92
2025-01-01 13:05:00,101.45,199.11,148.68,247.22
2025-01-01 13:06:00,101.34,199.19,148.65,247.62
2025-01-01 13:07:00,101.33,199.12,148.57,247.48
2025-01-01 13:08:00,101.24,199.49,148.62,247.71
2025-01-01 13:09:00,101.35,199.31,148.56,247.29
2025-01-01 13:10:00,101.53,199.22,148.45,246.94
2025-01-01 13:11:00,101.36,199.06,148.43,246.92
2025-01-01 13:12:00,101.46,199.15,148.55,246.94
2025-01-01 13:13:00,101.31,199.6,148.94,247.66
2025-01-01 13:14:00,101.26,199.16,148.69,247.03
2025-01-01 13:15:00,101.36,199.43,148.72,247.26
2025-01-01 13:16:00,101.37,199.25,148.41,247.09
2025-01-01 13:17:00,101.25,199.09,148.44,247.03
2025-01-01 13:18:00,101.23,199.13,148.66,247.33
2025-01-01 13:19:00,101.41,199.24,148.66,247.35
2025-01-01 13:20:00,101.31,198.96,148.47,246.89
2025-01-01 13:21:00,101.26,198.89,148.21,246.88
2025-01-01 13:22:00,101.26,198.83,148.24,246.97
2025-01-01 13:23:00,101.33,198.77,148.27,246.85
2025-01-01 13:24:00,101.5,198.7,148.21,246.71
2025-01-01 13:25:00,101.65,198.78,148.23,246.58
2025-01-01 13:26:00,101.53,198.65,148.21,246.6
2025-01-01 13:27:00,101.52,198.98,148.43,247.08
2025-01-01 13:28:00,101.48,199.07,148.54,247.42
2025-01-01 13:29:00,101.65,198.73,148.31,246.91
2025-01-01 13:30:00,101.55,198.78,148.34,246.73
2025-01-01 13:31:00,101.53,198.71,148.45,246.67
2025-01-01 13:32:00,101.55,199.07,148.45,246.81
2025-01-01 13:33:00,101.59,198.76,148.41,246.7
2025-01-01 13:34:00,101.43,198.9,148.38,246.68
2025-01-01 13:35:00,101.34,199.01,148.52,246.61
2025-01-01 13:36:00,101.29,199.09,148.68,246.85
2025-01-01 13:37:00,101.19,198.72,148.45,246.82
2025-01-01 13:38:00,101.38,198.64,148.41,246.8
2025-01-01 13:39:00,101.34,198.63,148.2,246.67
2025-01-01 13:40:00,101.23,198.49,148.15,246.65
2025-01-01 13:41:00,101.36,198.99,148.44,247.11
2025-01-01 13:42:00,101.48,198.93,148.54,247.23
2025-01-01 13:43:00,101.6,198.68,148.44,246.79
2025-01-01 13:44:00,101.51,198.73,148.6,247.04
2025-01-01 13:45:00,101.4,199.19,148.93,247.7
2025-01-01 13:46:00,101.61,199.49,149.01,247.85
2025-01-01 13:47:00,101.56,199.14,148.73,247.65
2025-01-01 13:48:00,101.57,198.79,148.75,247.52
2025-01-01 13:49:00,101.65,199.06,149.05,247.72
2025-01-01 13:50:00,101.58,198.96,148.92,247.67
2025-01-01 13:51:00,101.58,199.09,148.99,247.74
2025-01-01 13:52:00,101.28,199.37,149.04,248.03
2025-01-01 13:53:00,101.13,199.08,148.99,247.76
2025-01-01 13:54:00,101.11,199.13,149.03,247.74
2025-01-01 13:55:00,100.91,198.61,148.69,247.0
2025-01-01 13:56:00,101.07,198.23,148.48,246.78
2025-01-01 13:57:00,100.88,198.21,148.41,246.48
2025-01-01 13:58:00,100.8,197.91,148.24,246.03
2025-01-01 13:59:00,100.88,198.23,148.53,246.55
2025-01-01 14:00:00,101.08,197.98,148.3,246.18
2025-01-01 14:01:00,100.96,197.84,148.17,246.01
2025-01-01 14:02:00,101.02,197.8,148.26,245.87
2025-01-01 14:03:00,101.01,198.09,148.53,246.09
2025-01-01 14:04:00,100.97,197.7,148.24,245.49
2025-01-01 14:05:00,101.03,197.82,148.52,245.76
2025-01-01 14:06:00,101.16,197.89,148.61,245.69
2025-01-01 14:07:00,101.12,197.58,148.47,245.33
2025-01-01 14:08:00,101.14,197.74,148.55,245.44
2025-01-01 14:09:00,101.08,197.82,148.62,245.53
2025-01-01 14:10:00,101.1,197.53,148.46,245.64
2025-01-01 14:11:00,101.16,197.48,148.48,245.47
2025-01-01 14:12:00,101.36,197.52,148.26,245.52
2025-01-01 14:13:00,101.28,197.45,148.34,245.67
2025-01-01 14:14:00,101.46,197.53,148.32,245.74
2025-01-01 14:15:00,101.19,197.89,148.67,246.15
2025-01-01 14:16:00,101.08,197.73,148.46,245.79
2025-01-01 14:17:00,101.17,198.12,148.76,246.34
2025-01-01 14:18:00,101.14,197.68,148.43,246.04
2025-01-01 14:19:00,100.97,197.79,148.38,246.08
2025-01-01 14:20:00,100.97,198.08,148.57,246.29
2025-01-01 14:21:00,101.04,198.23,148.43,246.3
2025-01-01 14:22:00,100.98,198.11,148.43,245.97
2025-01-01 14:23:00,101.11,197.99,148.43,245.89
2025-01-01 14:24:00,101.15,197.81,148.27,245.92
2025-01-01 14:25:00,101.08,197.75,148.1,245.59
2025-01-01 14:26:00,101.22,197.96,148.35,245.66
2025-01-01 14:27:00,101.23,198.17,148.33,245.77
2025-01-01 14:28:00,101.33,198.09,148.14,245.48
2025-01-01 14:29:00,101.41,198.12,148.36,245.6
2025-01-01 14:30:00,101.29,198.29,148.43,245.62
2025-01-01 14:31:00,101.28,198.35,148.48,245.66
2025-01-01 14:32:00,101.35,198.44,148.59,245.69
2025-01-01 14:33:00,101.37,198.3,148.39,245.57
2025-01-01 14:34:00,101.4,198.39,148.39,245.28
2025-01-01 14:35:00,101.37,198.84,148.58,245.26
2025-01-01 14:36:00,101.5,199.02,148.71,245.34
2025-01-01 14:37:00,101.44,199.0,148.74,245.42
2025-01-01 14:38:00,101.55,199.08,148.88,245.42
2025-01-01 14:39:00,101.55,199.42,149.07,245.68
2025-01-01 14:40:00,101.53,199.27,148.9,245.54
2025-01-01 14:41:00,101.68,199.56,149.01,245.46
2025-01-01 14:42:00,101.83,199.54,149.14,245.47
2025-01-01 14:43:00,101.95,199.55,149.03,245.47
2025-01-01 14:44:00,102.08,199.83,149.17,245.69
2025-01-01 14:45:00,102.01,200.04,149.32,246.01
2025-01-01 14:46:00,102.03,200.29,149.44,246.07
2025-01-01 14:47:00,101.98,200.49,149.56,246.53
2025-01-01 14:48:00,101.98,200.44,149.65,246.56
2025-01-01 14:49:00,101.96,200.46,149.92,246.69
2025-01-01 14:50:00,101.97,200.44,149.89,246.61
2025-01-01 14:51:00,102.06,200.59,149.87,246.67
2025-01-01 14:52:00,101.98,200.61,149.74,246.79
2025-01-01 14:53:00,102.21,200.8,149.77,246.68
2025-01-01 14:54:00,102.11,200.91,149.94,246.74
2025-01-01 14:55:00,101.89,200.82,149.86,246.66
2025-01-01 14:56:00,101.96,201.13,150.17,247.1
2025-01-01 14:57:00,102.03,200.89,149.97,246.97
2025-01-01 14:58:00,102.04,200.71,149.71,246.88
2025-01-01 14:59:00,102.13,201.03,149.95,247.11
2025-01-01 15:00:00,102.21,201.16,150.13,247.39
2025-01-01 15:01:00,102.18,201.28,150.11,247.41
2025-01-01 15:02:00,102.17,201.25,150.33,247.65
2025-01-01 15:03:00,102.18,201.21,150.37,247.68
2025-01-01 15:04:00,102.29,201.12,150.34,247.51
2025-01-01 15:05:00,102.26,201.2,150.25,247.45
2025-01-01 15:06:00,102.14,201.11,150.04,247.08
2025-01-01 15:07:00,102.09,201.31,150.18,247.38
2025-01-01 15:08:00,102.11,201.28,150.19,247.09
2025-01-01 15:09:00,102.07,201.05,150.21,246.85
2025-01-01 15:10:00,101.99,201.06,150.21,246.88
2025-01-01 15:11:00,102.02,201.18,150.25,247.01
2025-01-01 15:12:00,102.06,201.12,150.09,247.11
2025-01-01 15:13:00,102.07,200.9,150.06,247.03
2025-01-01 15:14:00,102.07,200.73,150.03,247.01
2025-01-01 15:15:00,102.02,200.89,150.18,247.08
2025-01-01 15:16:00,101.74,200.74,150.09,246.95
2025-01-01 15:17:00,101.65,200.56,150.14,246.64
2025-01-01 15:18:00,101.5,200.68,150.22,246.58
2025-01-01 15:19:00,101.47,200.35,149.99,246.15
2025-01-01 15:20:00,101.44,200.17,149.74,245.55
2025-01-01 15:21:00,101.5,200.09,149.61,245.38
2025-01-01 15:22:00,101.62,200.11,149.61,245.3
2025-01-01 15:23:00,101.64,200.04,149.66,245.17
2025-01-01 15:24:00,101.61,200.46,149.84,245.58
2025-01-01 15:25:00,101.37,200.65,149.96,245.88
2025-01-01 15:26:00,101.34,200.59,149.94,245.87
2025-01-01 15:27:00,101.34,200.6,149.78,245.83
2025-01-01 15:28:00,101.29,200.22,149.66,245.65
2025-01-01 15:29:00,101.22,200.25,149.58,245.73
2025-01-01 15:30:00,101.27,200.09,149.45,245.7
2025-01-01 15:31:00,101.46,200.02,149.38,245.68
2025-01-01 15:32:00,101.45,199.71,149.12,245.51
2025-01-01 15:33:00,101.44,199.92,149.1,245.78
2025-01-01 15:34:00,101.57,200.16,149.27,246.09
2025-01-01 15:35:00,101.52,200.3,149.4,246.32
2025-01-01 15:36:00,101.54,200.32,149.42,246.35
2025-01-01 15:37:00,101.5,200.29,149.54,246.53
2025-01-01 15:38:00,101.49,200.1,149.51,246.34
2025-01-01 15:39:00,101.36,200.27,149.55,246.43
2025-01-01 15:40:00,101.36,200.25,149.55,246.21
2025-01-01 15:41:00,101.49,200.22,149.47,246.17
2025-01-01 15:42:00,101.57,200.08,149.47,245.85
2025-01-01 15:43:00,101.59,200.13,149.6,245.87
2025-01-01 15:44:00,101.88,200.35,149.55,246.11
2025-01-01 15:45:00,101.79,200.78,149.69,246.55
2025-01-01 15:46:00,101.85,200.94,149.82,246.5
2025-01-01 15:47:00,101.92,201.24,150.07,247.28
2025-01-01 15:48:00,102.11,201.04,149.99,247.13
2025-01-01 15:49:00,102.12,201.24,150.07,247.25
2025-01-01 15:50:00,102.07,201.18,150.26,247.31
2025-01-01 15:51:00,101.98,201.53,150.67,247.87
2025-01-01 15:52:00,101.88,201.4,150.57,247.59
2025-01-01 15:53:00,101.79,201.23,150.52,247.41
2025-01-01 15:54:00,101.75,201.11,150.51,247.18
2025-01-01 15:55:00,101.78,200.61,150.15,246.61
2025-01-01 15:56:00,101.89,200.48,150.01,246.4
2025-01-01 15:57:00,102.16,200.23,149.9,246.03
2025-01-01 15:58:00,102.26,200.35,149.99,246.09
2025-01-01 15:59:00,102.16,200.52,150.05,246.24
2025-01-01 16:00:00,102.09,200.72,150.22,246.77
2025-01-01 16:01:00,102.11,200.81,150.3,247.11
2025-01-01 16:02:00,102.07,200.55,150.21,247.0
2025-01-01 16:03:00,102.27,200.3,150.06,246.72
2025-01-01 16:04:00,102.37,200.39,150.29,246.94
2025-01-01 16:05:00,102.33,199.98,149.98,246.45
2025-01-01 16:06:00,102.09,200.26,150.3,246.79
2025-01-01 16:07:00,102.18,200.39,150.59,246.96
2025-01-01 16:08:00,102.23,200.32,150.69,246.98
2025-01-01 16:09:00,102.32,199.98,150.4,246.67
2025-01-01 16:10:00,102.1,200.18,150.64,247.07
2025-01-01 16:11:00,102.07,200.18,150.67,247.17
2025-01-01 16:12:00,102.13,200.37,150.87,247.37
2025-01-01 16:13:00,102.17,200.02,150.62,247.02
2025-01-01 16:14:00,102.18,200.07,150.56,246.85
2025-01-01 16:15:00,102.2,200.21,150.37,246.96
2025-01-01 16:16:00,102.02,200.09,150.43,246.96
2025-01-01 16:17:00,102.08,200.08,150.37,246.8
2025-01-01 16:18:00,102.08,200.29,150.45,247.02
2025-01-01 16:19:00,102.12,199.96,150.44,246.86
2025-01-01 16:20:00,102.26,200.01,150.37,246.75
2025-01-01 16:21:00,102.17,200.19,150.36,246.77
2025-01-01 16:22:00,102.04,200.18,150.59,246.76
2025-01-01 16:23:00,102.28,200.23,150.63,246.63
2025-01-01 16:24:00,102.28,200.11,150.42,246.38
2025-01-01 16:25:00,102.25,199.83,150.18,246.08
2025-01-01 16:26:00,102.41,200.14,150.43,246.42
2025-01-01 16:27:00,102.44,200.24,150.5,246.26
2025-01-01 16:28:00,102.64,200.13,150.29,246.04
2025-01-01 16:29:00,102.67,200.3,150.48,246.15
2025-01-01 16:30:00,102.91,200.43,150.45,246.34
2025-01-01 16:31:00,103.15,200.79,150.63,246.5
2025-01-01 16:32:00,103.1,200.78,150.67,246.67
2025-01-01 16:33:00,103.16,201.19,151.01,247.3
2025-01-01 16:34:00,103.17,201.39,151.14,247.62
2025-01-01 16:35:00,103.21,201.39,151.18,247.42
2025-01-01 16:36:00,103.22,201.64,151.35,247.7
2025-01-01 16:37:00,103.23,201.77,151.55,247.76
2025-01-01 16:38:00,103.33,202.16,151.79,248.11
2025-01-01 16:39:00,103.13,201.93,151.73,247.81
2025-01-01 16:40:00,103.03,202.12,151.87,247.76
2025-01-01 16:41:00,102.86,202.23,152.13,247.75
2025-01-01 16:42:00,102.88,201.88,151.91,247.34
2025-01-01 16:43:00,102.92,201.62,151.72,246.98
2025-01-01 16:44:00,103.07,201.23,151.58,246.41
2025-01-01 16:45:00,103.09,201.14,151.61,246.42
2025-01-01 16:46:00,103.24,201.27,151.76,246.75
2025-01-01 16:47:00,103.18,201.66,151.89,247.08
2025-01-01 16:48:00,103.03,201.63,151.81,247.06
2025-01-01 16:49:00,103.07,201.79,152.08,247.52
2025-01-01 16:50:00,103.14,201.69,151.88,247.02
2025-01-01 16:51:00,103.2,201.49,151.57,246.62
2025-01-01 16:52:00,102.99,201.35,151.57,246.68
2025-01-01 16:53:00,102.92,201.49,151.75,246.86
2025-01-01 16:54:00,102.8,201.44,151.8,246.61
2025-01-01 16:55:00,102.84,201.05,151.4,246.01
2025-01-01 16:56:00,102.85,201.06,151.38,245.88
2025-01-01 16:57:00,102.78,200.77,151.12,245.57
2025-01-01 16:58:00,102.79,200.83,151.19,245.79
2025-01-01 16:59:00,102.69,200.83,151.22,246.06
2025-01-01 17:00:00,102.69,200.55,151.04,245.77
2025-01-01 17:01:00,102.88,200.37,150.87,245.59
2025-01-01 17:02:00,102.79,200.15,150.7,245.47
2025-01-01 17:03:00,102.98,200.06,150.64,245.49
2025-01-01 17:04:00,102.95,200.32,150.57,245.88
2025-01-01 17:05:00,102.78,200.27,150.57,245.67
2025-01-01 17:06:00,102.81,200.32,150.73,245.65
2025-01-01 17:07:00,102.72,200.23,150.62,245.36
2025-01-01 17:08:00,102.73,200.13,150.51,244.97
2025-01-01 17:09:00,102.64,200.15,150.4,245.03
2025-01-01 17:10:00,102.84,199.95,150.37,244.92
2025-01-01 17:11:00,102.78,199.92,150.43,245.01
2025-01-01 17:12:00,102.69,199.72,150.26,244.82
2025-01-01 17:13:00,102.67,199.99,150.64,245.45
2025-01-01 17:14:00,102.63,200.09,150.66,245.38
2025-01-01 17:15:00,102.64,200.04,150.45,245.07
2025-01-01 17:16:00,102.79,200.0,150.45,245.23
2025-01-01 17:17:00,102.89,199.98,150.44,245.25
2025-01-01 17:18:00,102.77,200.01,150.38,245.21
2025-01-01 17:19:00,102.73,200.11,150.45,245.41
2025-01-01 17:20:00,102.77,200.37,150.56,245.63
2025-01-01 17:21:00,102.5,200.5,150.47,245.66
2025-01-01 17:22:00,102.34,200.31,150.39,245.68
2025-01-01 17:23:00,102.48,200.11,150.27,245.68
2025-01-01 17:24:00,102.61,199.68,149.87,245.22
2025-01-01 17:25:00,102.61,199.45,149.55,244.91
2025-01-01 17:26:00,102.67,199.7,149.83,245.19
2025-01-01 17:27:00,102.72,200.18,149.91,245.68
2025-01-01 17:28:00,102.99,199.99,149.96,245.45
2025-01-01 17:29:00,103.08,200.18,150.15,245.72
2025-01-01 17:30:00,103.11,200.18,150.18,245.65
2025-01-01 17:31:00,102.99,200.97,150.44,246.44
2025-01-01 17:32:00,102.91,201.39,150.59,246.62
2025-01-01 17:33:00,102.91,201.29,150.56,246.65
2025-01-01 17:34:00,102.85,201.04,150.34,246.41
2025-01-01 17:35:00,102.75,200.81,150.06,245.82
2025-01-01 17:36:00,102.61,200.81,150.21,245.92
2025-01-01 17:37:00,102.41,200.65,150.14,245.67
2025-01-01 17:38:00,102.5,200.37,149.86,245.43
2025-01-01 17:39:00,102.66,200.05,149.65,245.27
2025-01-01 17:40:00,102.63,199.83,149.46,245.05
2025-01-01 17:41:00,102.91,200.1,149.7,245.35
2025-01-01 17:42:00,102.89,200.23,149.86,245.49
2025-01-01 17:43:00,102.81,200.37,149.82,245.43
2025-01-01 17:44:00,103.05,200.54,150.08,245.9
2025-01-01 17:45:00,103.21,200.64,150.24,246.13
2025-01-01 17:46:00,103.21,200.44,150.17,245.82
2025-01-01 17:47:00,103.25,200.71,150.4,246.32
2025-01-01 17:48:00,103.21,200.9,150.46,246.19
2025-01-01 17:49:00,103.1,200.73,150.28,245.79
2025-01-01 17:50:00,103.24,200.75,150.34,245.62
2025-01-01 17:51:00,103.41,200.67,150.16,245.24
2025-01-01 17:52:00,103.22,200.36,149.96,244.71
2025-01-01 17:53:00,103.28,200.48,150.1,244.99
2025-01-01 17:54:00,103.2,200.76,150.35,245.43
2025-01-01 17:55:00,103.13,200.39,150.04,245.13
2025-01-01 17:56:00,103.1,200.8,150.15,245.35
2025-01-01 17:57:00,103.06,200.8,150.04,245.23
2025-01-01 17:58:00,103.07,200.56,150.01,245.19
2025-01-01 17:59:00,103.06,200.31,149.88,245.03
2025-01-01 18:00:00,103.03,200.19,149.84,244.68
2025-01-01 18:01:00,103.02,200.25,149.78,244.82
2025-01-01 18:02:00,102.95,200.14,149.79,244.54
2025-01-01 18:03:00,102.77,200.17,149.7,244.49
2025-01-01 18:04:00,102.7,200.15,149.72,244.46
2025-01-01 18:05:00,102.77,200.13,149.72,244.29
2025-01-01 18:06:00,102.9,199.96,149.53,244.02
2025-01-01 18:07:00,102.83,199.62,149.47,243.92
2025-01-01 18:08:00,102.79,199.75,149.68,244.15
2025-01-01 18:09:00,102.96,199.76,149.59,244.16
2025-01-01 18:10:00,102.86,199.59,149.48,243.86
2025-01-01 18:11:00,102.94,199.9,149.31,244.02
2025-01-01 18:12:00,102.86,200.09,149.35,244.26
2025-01-01 18:13:00,102.87,199.73,149.22,244.11
2025-01-01 18:14:00,102.77,199.93,149.26,244.38
2025-01-01 18:15:00,102.64,199.84,149.07,244.36
2025-01-01 18:16:00,102.57,200.0,149.14,244.33
2025-01-01 18:17:00,102.66,199.91,149.18,244.24
2025-01-01 18:18:00,102.66,199.75,148.78,243.79
2025-01-01 18:19:00,102.51,199.31,148.46,243.33
2025-01-01 18:20:00,102.58,199.37,148.58,243.36
2025-01-01 18:21:00,102.32,199.33,148.75,243.54
2025-01-01 18:22:00,102.33,199.2,148.61,243.38
2025-01-01 18:23:00,102.2,199.24,148.61,243.43
2025-01-01 18:24:00,102.11,198.87,148.52,243.11
2025-01-01 18:25:00,102.03,198.83,148.63,243.02
2025-01-01 18:26:00,101.97,198.68,148.5,242.75
2025-01-01 18:27:00,101.9,198.64,148.35,242.56
2025-01-01 18:28:00,101.95,198.53,148.35,242.54
2025-01-01 18:29:00,101.74,198.36,148.21,242.43
2025-01-01 18:30:00,101.83,198.22,148.18,242.21
2025-01-01 18:31:00,101.8,198.29,148.43,242.69
2025-01-01 18:32:00,101.94,198.16,148.41,242.33
2025-01-01 18:33:00,102.06,198.29,148.46,242.46
2025-01-01 18:34:00,101.78,198.31,148.39,242.23
2025-01-01 18:35:00,101.72,198.46,148.49,242.43
2025-01-01 18:36:00,101.73,198.61,148.76,242.76
2025-01-01 18:37:00,101.73,198.06,148.5,242.16
2025-01-01 18:38:00,101.8,198.0,148.3,242.01
2025-01-01 18:39:00,101.8,198.32,148.38,242.13
2025-01-01 18:40:00,101.81,198.13,148.31,242.25
2025-01-01 18:41:00,101.78,198.01,148.25,242.44
2025-01-01 18:42:00,101.86,198.08,148.19,242.4
2025-01-01 18:43:00,101.84,198.14,148.39,242.3
2025-01-01 18:44:00,101.86,198.02,148.23,242.25
2025-01-01 18:45:00,101.84,198.3,148.4,242.5
2025-01-01 18:46:00,101.84,198.09,148.48,242.44
2025-01-01 18:47:00,101.75,198.16,148.54,242.57
2025-01-01 18:48:00,101.87,198.11,148.47,242.4
2025-01-01 18:49:00,101.81,198.11,148.31,242.36
2025-01-01 18:50:00,101.84,197.92,148.26,242.13
2025-01-01 18:51:00,102.01,198.01,148.26,242.43
2025-01-01 18:52:00,101.98,197.83,148.04,242.22
2025-01-01 18:53:00,101.99,197.91,148.17,242.32
2025-01-01 18:54:00,102.15,198.24,148.55,242.92
2025-01-01 18:55:00,102.09,198.37,148.68,243.06
2025-01-01 18:56:00,101.89,198.2,148.65,243.08
2025-01-01 18:57:00,101.81,198.51,148.91,243.23
2025-01-01 18:58:00,101.54,198.51,148.86,243.3
2025-01-01 18:59:00,101.48,198.08,148.63,242.81
2025-01-01 19:00:00,101.52,197.89,148.46,242.49
2025-01-01 19:01:00,101.63,197.38,148.28,242.0
2025-01-01 19:02:00,101.68,197.28,148.25,242.02
2025-01-01 19:03:00,101.59,197.28,148.26,241.95
2025-01-01 19:04:00,101.69,197.87,148.42,242.26
2025-01-01 19:05:00,101.47,197.82,148.49,242.32
2025-01-01 19:06:00,101.41,197.92,148.39,242.12
2025-01-01 19:07:00,101.55,198.18,148.47,242.54
2025-01-01 19:08:00,101.36,197.77,148.08,241.94
2025-01-01 19:09:00,101.43,198.0,148.04,242.1
2025-01-01 19:10:00,101.48,198.19,148.31,242.31
2025-01-01 19:11:00,101.5,197.93,148.19,241.83
2025-01-01 19:12:00,101.51,198.15,148.5,242.11
2025-01-01 19:13:00,101.74,198.34,148.46,242.28
2025-01-01 19:14:00,101.78,198.37,148.4,242.16
2025-01-01 19:15:00,101.84,198.43,148.4,242.46
2025-01-01 19:16:00,101.81,198.75,148.69,243.13
2025-01-01 19:17:00,101.7,198.77,148.65,243.29
2025-01-01 19:18:00,101.74,198.74,148.78,243.29
2025-01-01 19:19:00,101.66,198.64,148.68,243.05
2025-01-01 19:20:00,101.61,198.59,148.63,242.77
2025-01-01 19:21:00,101.42,198.71,148.8,243.0
2025-01-01 19:22:00,101.49,198.54,148.84,242.85
2025-01-01 19:23:00,101.57,198.56,148.74,242.61
2025-01-01 19:24:00,101.55,198.55,148.77,242.49
2025-01-01 19:25:00,101.45,198.42,148.92,242.63
2025-01-01 19:26:00,101.45,198.43,148.9,242.67
2025-01-01 19:27:00,101.46,198.65,149.13,243.08
2025-01-01 19:28:00,101.41,198.67,149.08,243.01
2025-01-01 19:29:00,101.42,198.57,149.02,243.1
2025-01-01 19:30:00,101.48,198.19,148.81,242.84
2025-01-01 19:31:00,101.46,198.16,148.69,242.85
2025-01-01 19:32:00,101.51,198.17,148.9,243.14
2025-01-01 19:33:00,101.61,198.2,149.02,243.48
2025-01-01 19:34:00,101.63,197.96,148.94,243.12
2025-01-01 19:35:00,101.77,198.11,149.01,243.3
2025-01-01 19:36:00,101.7,198.32,149.15,243.59
2025-01-01 19:37:00,101.65,198.19,149.29,243.75
2025-01-01 19:38:00,101.49,198.65,149.47,244.29
2025-01-01 19:39:00,101.63,198.62,149.33,244.0
2025-01-01 19:40:00,101.68,198.44,149.14,243.71
2025-01-01 19:41:00,101.6,197.97,148.89,243.03
2025-01-01 19:42:00,101.67,198.25,149.1,243.57
2025-01-01 19:43:00,101.55,198.38,149.22,243.66
2025-01-01 19:44:00,101.79,198.43,149.27,243.66
2025-01-01 19:45:00,101.97,198.55,149.36,243.69
2025-01-01 19:46:00,101.99,198.25,149.12,243.55
2025-01-01 19:47:00,102.03,198.75,149.47,243.8
2025-01-01 19:48:00,102.06,198.82,149.57,243.83
2025-01-01 19:49:00,102.14,198.98,149.66,243.85
2025-01-01 19:50:00,102.06,199.2,149.66,243.97
2025-01-01 19:51:00,102.04,199.37,149.76,244.3
2025-01-01 19:52:00,102.28,199.43,149.65,244.24
2025-01-01 19:53:00,102.38,199.41,149.53,244.14
2025-01-01 19:54:00,102.64,199.54,149.75,244.3
2025-01-01 19:55:00,102.64,199.83,149.96,244.92
2025-01-01 19:56:00,102.52,200.24,150.1,245.17
2025-01-01 19:57:00,102.57,200.63,150.39,245.47
2025-01-01 19:58:00,102.58,200.49,150.2,245.48
2025-01-01 19:59:00,102.74,200.24,150.0,245.29
2025-01-01 20:00:00,102.59,200.24,150.03,245.06
2025-01-01 20:01:00,102.7,200.3,149.99,245.01
2025-01-01 20:02:00,102.65,200.54,150.14,245.33
2025-01-01 20:03:00,102.66,200.23,149.94,245.02
2025-01-01 20:04:00,102.54,200.71,150.2,245.31
2025-01-01 20:05:00,102.35,200.79,150.2,244.91
2025-01-01 20:06:00,102.38,200.72,150.11,244.87
2025-01-01 20:07:00,102.41,200.61,149.98,244.47
2025-01-01 20:08:00,102.39,200.17,149.73,243.82
2025-01-01 20:09:00,102.2,200.38,149.88,243.68
2025-01-01 20:10:00,102.17,200.58,149.86,243.8
2025-01-01 20:11:00,102.41,200.3,149.65,243.5
2025-01-01 20:12:00,102.38,199.95,149.38,243.16
2025-01-01 20:13:00,102.25,199.82,149.33,243.24
2025-01-01 20:14:00,102.17,200.04,149.52,243.73
2025-01-01 20:15:00,102.16,199.91,149.4,243.86
2025-01-01 20:16:00,101.88,199.58,149.19,243.32
2025-01-01 20:17:00,101.92,199.39,149.17,243.26
2025-01-01 20:18:00,101.96,199.33,149.19,243.0
2025-01-01 20:19:00,102.16,198.89,148.75,242.32
2025-01-01 20:20:00,102.38,198.79,148.78,242.27
2025-01-01 20:21:00,102.51,198.89,148.78,242.29
2025-01-01 20:22:00,102.5,199.08,148.92,242.47
2025-01-01 20:23:00,102.37,199.55,149.13,242.99
2025-01-01 20:24:00,102.65,199.71,149.31,243.35
2025-01-01 20:25:00,102.64,199.74,149.3,243.55
2025-01-01 20:26:00,102.65,199.41,149.14,243.24
2025-01-01 20:27:00,102.71,200.02,149.36,243.75
2025-01-01 20:28:00,102.68,200.04,149.38,243.8
2025-01-01 20:29:00,102.73,200.1,149.55,243.7
2025-01-01 20:30:00,102.73,199.98,149.52,243.88
2025-01-01 20:31:00,102.67,199.93,149.5,243.89
2025-01-01 20:32:00,102.56,199.96,149.5,243.79
2025-01-01 20:33:00,102.47,199.75,149.44,243.59
2025-01-01 20:34:00,102.47,199.69,149.45,243.54
2025-01-01 20:35:00,102.48,199.55,149.35,243.52
2025-01-01 20:36:00,102.4,199.52,149.32,243.31
2025-01-01 20:37:00,102.53,199.26,149.26,243.33
2025-01-01 20:38:00,102.3,199.33,149.27,243.26
2025-01-01 20:39:00,102.44,199.34,149.25,243.2
2025-01-01 20:40:00,102.55,199.58,149.55,243.64
2025-01-01 20:41:00,102.32,199.1,149.22,242.8
2025-01-01 20:42:00,102.27,199.35,149.3,243.12
2025-01-01 20:43:00,102.18,199.54,149.55,243.3
2025-01-01 20:44:00,102.12,199.03,149.23,242.9
2025-01-01 20:45:00,102.02,198.77,149.19,242.7
2025-01-01 20:46:00,101.97,198.73,149.14,242.69
2025-01-01 20:47:00,102.23,198.29,148.92,242.48
2025-01-01 20:48:00,102.38,198.15,148.89,242.4
2025-01-01 20:49:00,102.49,197.9,148.72,242.16
2025-01-01 20:50:00,102.58,198.32,148.9,242.56
2025-01-01 20:51:00,102.46,198.47,149.01,242.71
2025-01-01 20:52:00,102.36,198.69,149.21,243.2
2025-01-01 20:53:00,102.43,198.91,149.41,243.29
2025-01-01 20:54:00,102.24,198.72,149.29,242.89
2025-01-01 20:55:00,102.38,198.64,149.14,242.84
2025-01-01 20:56:00,102.33,198.79,149.4,242.87
2025-01-01 20:57:00,102.3,198.39,149.24,242.45
2025-01-01 20:58:00,102.39,198.61,149.44,242.45
2025-01-01 20:59:00,102.42,198.62,149.39,242.34
2025-01-01 21:00:00,102.41,198.45,149.38,242.23
2025-01-01 21:01:00,102.51,198.56,149.55,242.44
2025-01-01 21:02:00,102.44,198.65,149.7,242.66
2025-01-01 21:03:00,102.44,198.56,149.73,242.64
2025-01-01 21:04:00,102.5,198.83,149.97,242.89
2025-01-01 21:05:00,102.57,198.75,149.78,242.61
2025-01-01 21:06:00,102.55,198.98,149.83,242.82
2025-01-01 21:07:00,102.39,198.97,149.95,243.12
2025-01-01 21:08:00,102.51,198.97,149.97,243.06
2025-01-01 21:09:00,102.5,199.17,150.0,243.08
2025-01-01 21:10:00,102.47,198.96,149.89,242.66
2025-01-01 21:11:00,102.6,199.25,150.14,242.7
2025-01-01 21:12:00,102.56,199.41,150.05,242.74
2025-01-01 21:13:00,102.47,199.41,149.9,242.68
2025-01-01 21:14:00,102.33,199.65,150.05,243.01
2025-01-01 21:15:00,102.38,199.61,149.97,242.82
2025-01-01 21:16:00,102.29,199.34,149.72,242.65
2025-01-01 21:17:00,102.56,199.04,149.59,242.21
2025-01-01 21:18:00,102.34,199.12,149.71,242.48
2025-01-01 21:19:00,102.47,199.02,149.52,242.16
2025-01-01 21:20:00,102.55,199.29,149.68,242.51
2025-01-01 21:21:00,102.53,199.03,149.27,242.08
2025-01-01 21:22:00,102.36,199.42,149.54,242.54
2025-01-01 21:23:00,102.45,199.32,149.41,242.64
2025-01-01 21:24:00,102.42,199.34,149.47,242.62
2025-01-01 21:25:00,102.52,199.02,149.38,242.49
2025-01-01 21:26:00,102.55,199.16,149.68,242.87
2025-01-01 21:27:00,102.58,199.24,149.85,243.01
2025-01-01 21:28:00,102.58,199.4,150.0,243.36
2025-01-01 21:29:00,102.55,199.44,150.01,243.4
2025-01-01 21:30:00,102.61,199.66,150.11,243.56
2025-01-01 21:31:00,102.42,199.54,150.18,243.54
2025-01-01 21:32:00,102.32,199.42,150.05,243.53
2025-01-01 21:33:00,102.43,199.63,149.96,243.57
2025-01-01 21:34:00,102.39,199.49,149.66,243.14
2025-01-01 21:35:00,102.43,199.22,149.5,242.43
2025-01-01 21:36:00,102.41,199.47,149.65,242.63
2025-01-01 21:37:00,102.48,199.63,149.75,242.62
2025-01-01 21:38:00,102.45,199.52,149.64,242.76
2025-01-01 21:39:00,102.46,199.48,149.47,242.77
2025-01-01 21:40:00,102.47,199.67,149.58,242.71
2025-01-01 21:41:00,102.35,199.73,149.44,242.57
2025-01-01 21:42:00,102.39,199.63,149.17,242.26
2025-01-01 21:43:00,102.2,199.58,149.21,242.36
2025-01-01 21:44:00,102.35,199.59,149.13,242.16
2025-01-01 21:45:00,102.31,199.61,149.18,242.38
2025-01-01 21:46:00,102.29,199.24,148.89,241.87
2025-01-01 21:47:00,102.33,199.48,149.03,242.12
2025-01-01 21:48:00,102.55,199.73,149.08,242.07
2025-01-01 21:49:00,102.74,199.87,149.01,242.22
2025-01-01 21:50:00,102.55,200.1,149.11,242.52
2025-01-01 21:51:00,102.41,200.48,149.39,242.98
2025-01-01 21:52:00,102.35,200.69,149.57,243.23
2025-01-01 21:53:00,102.41,200.38,149.31,242.83
2025-01-01 21:54:00,102.42,199.87,149.04,242.72
2025-01-01 21:55:00,102.35,199.72,148.93,242.53
2025-01-01 21:56:00,102.42,199.75,148.78,242.55
2025-01-01 21:57:00,102.37,199.73,148.87,242.55
2025-01-01 21:58:00,102.32,199.63,148.87,242.27
2025-01-01 21:59:00,102.23,199.64,148.78,242.32
2025-01-01 22:00:00,101.99,199.67,148.63,242.27
2025-01-01 22:01:00,101.89,199.7,148.56,242.1
2025-01-01 22:02:00,101.76,199.38,148.45,241.73
2025-01-01 22:03:00,101.77,199.18,148.28,241.45
2025-01-01 22:04:00,101.7,198.9,148.02,241.06
2025-01-01 22:05:00,102.04,198.66,147.73,240.86
2025-01-01 22:06:00,102.08,198.89,147.9,240.94
2025-01-01 22:07:00,102.15,198.63,147.91,240.86
2025-01-01 22:08:00,102.15,199.04,148.32,241.42
2025-01-01 22:09:00,102.28,199.2,148.39,241.62
2025-01-01 22:10:00,102.31,199.3,148.44,241.52
2025-01-01 22:11:00,102.36,199.05,148.31,241.39
2025-01-01 22:12:00,102.63,199.28,148.36,241.64
2025-01-01 22:13:00,102.53,199.1,148.33,241.55
2025-01-01 22:14:00,102.64,199.15,148.37,241.46
2025-01-01 22:15:00,102.52,199.74,148.75,242.11
2025-01-01 22:16:00,102.63,199.72,148.66,241.94
2025-01-01 22:17:00,102.8,199.99,148.93,242.19
2025-01-01 22:18:00,102.75,199.8,148.87,242.14
2025-01-01 22:19:00,102.96,199.77,148.83,242.23
2025-01-01 22:20:00,103.04,200.11,149.17,242.66
2025-01-01 22:21:00,103.07,199.91,149.04,242.39
2025-01-01 22:22:00,103.1,200.25,149.25,242.91
2025-01-01 22:23:00,103.21,200.24,149.3,243.08
2025-01-01 22:24:00,103.24,200.08,149.08,242.66
2025-01-01 22:25:00,103.01,200.17,149.21,242.91
2025-01-01 22:26:00,102.9,200.34,149.22,243.15
2025-01-01 22:27:00,102.87,200.44,149.22,243.44
2025-01-01 22:28:00,102.84,200.12,148.83,242.93
2025-01-01 22:29:00,102.87,200.03,148.72,242.37
2025-01-01 22:30:00,102.82,200.06,148.67,242.34
2025-01-01 22:31:00,102.67,199.98,148.63,242.36
2025-01-01 22:32:00,102.64,199.99,148.65,242.3
2025-01-01 22:33:00,102.74,199.92,148.59,242.23
2025-01-01 22:34:00,102.8,199.6,148.42,242.24
2025-01-01 22:35:00,102.84,199.64,148.44,242.29
2025-01-01 22:36:00,102.91,199.69,148.55,242.53
2025-01-01 22:37:00,102.91,199.67,148.57,242.59
2025-01-01 22:38:00,102.92,199.84,148.74,242.6
2025-01-01 22:39:00,102.82,200.03,148.97,242.78
2025-01-01 22:40:00,102.77,200.18,149.08,242.86
2025-01-01 22:41:00,102.8,200.11,149.04,242.79
2025-01-01 22:42:00,102.82,199.74,148.81,242.37
2025-01-01 22:43:00,102.72,199.73,148.85,242.51
2025-01-01 22:44:00,102.62,199.77,148.89,242.54
2025-01-01 22:45:00,102.69,199.74,148.9,242.45
2025-01-01 22:46:00,102.67,199.54,148.7,242.2
2025-01-01 22:47:00,102.7,199.15,148.56,241.71
2025-01-01 22:48:00,102.76,199.32,148.64,241.71
2025-01-01 22:49:00,102.76,199.34,148.56,241.79
2025-01-01 22:50:00,102.95,199.5,148.55,242.02
2025-01-01 22:51:00,102.9,199.77,148.44,242.02
2025-01-01 22:52:00,102.87,199.81,148.35,241.86
2025-01-01 22:53:00,102.75,199.9,148.51,242.0
2025-01-01 22:54:00,102.61,199.79,148.36,241.84
2025-01-01 22:55:00,102.5,199.63,148.41,241.67
2025-01-01 22:56:00,102.53,199.53,148.35,241.47
2025-01-01 22:57:00,102.51,199.36,148.14,241.45
2025-01-01 22:58:00,102.56,199.39,148.14,241.54
2025-01-01 22:59:00,102.51,199.38,148.23,241.55
2025-01-01 23:00:00,102.47,199.27,148.09,241.52
2025-01-01 23:01:00,102.43,199.46,148.31,241.59
2025-01-01 23:02:00,102.66,199.45,148.11,241.46
2025-01-01 23:03:00,102.73,199.38,148.09,241.32
2025-01-01 23:04:00,102.82,199.48,147.93,241.25
2025-01-01 23:05:00,102.62,199.85,148.01,241.57
2025-01-01 23:06:00,102.54,199.93,148.01,241.77
2025-01-01 23:07:00,102.59,200.18,148.16,241.92
2025-01-01 23:08:00,102.59,199.92,147.91,241.63
2025-01-01 23:09:00,102.65,199.78,147.86,241.66
2025-01-01 23:10:00,102.59,199.93,147.96,241.86
2025-01-01 23:11:00,102.74,200.03,147.99,241.86
2025-01-01 23:12:00,102.96,200.24,148.15,242.01
2025-01-01 23:13:00,102.89,200.0,148.09,241.89
2025-01-01 23:14:00,102.85,200.27,148.24,242.22
2025-01-01 23:15:00,103.03,200.91,148.67,242.81
2025-01-01 23:16:00,103.13,200.96,148.53,242.73
2025-01-01 23:17:00,103.15,200.86,148.5,242.72
2025-01-01 23:18:00,103.1,201.25,148.81,243.18
2025-01-01 23:19:00,103.08,201.53,149.08,243.44
2025-01-01 23:20:00,102.97,201.25,148.98,243.42
2025-01-01 23:21:00,102.89,201.08,148.88,243.17
2025-01-01 23:22:00,102.84,201.18,148.92,243.17
2025-01-01 23:23:00,102.77,200.88,148.61,242.92
2025-01-01 23:24:00,102.74,200.67,148.4,242.47
2025-01-01 23:25:00,102.78,200.44,148.22,242.24
2025-01-01 23:26:00,102.88,200.48,148.2,241.99
2025-01-01 23:27:00,102.78,200.63,148.23,241.89
2025-01-01 23:28:00,102.88,200.9,148.19,242.11
2025-01-01 23:29:00,102.85,201.2,148.4,242.41
2025-01-01 23:30:00,102.84,201.03,148.2,242.07
2025-01-01 23:31:00,102.81,201.07,148.29,242.32
2025-01-01 23:32:00,102.67,201.18,148.34,242.35
2025-01-01 23:33:00,102.71,201.05,148.23,242.32
2025-01-01 23:34:00,102.74,201.21,148.45,242.63
2025-01-01 23:35:00,102.74,200.87,148.34,242.42
2025-01-01 23:36:00,102.83,200.89,148.48,242.25
2025-01-01 23:37:00,103.04,200.84,148.47,242.22
2025-01-01 23:38:00,103.02,200.88,148.53,242.27
2025-01-01 23:39:00,102.99,200.88,148.47,242.4
2025-01-01 23:40:00,102.89,201.32,148.79,242.68
2025-01-01 23:41:00,102.93,201.27,148.74,242.83
2025-01-01 23:42:00,102.8,201.06,148.75,242.77
2025-01-01 23:43:00,102.97,200.95,148.58,242.64
2025-01-01 23:44:00,103.17,200.96,148.47,242.64
2025-01-01 23:45:00,103.07,200.78,148.36,242.77
2025-01-01 23:46:00,103.06,200.95,148.44,243.17
2025-01-01 23:47:00,103.1,201.21,148.69,243.63
2025-01-01 23:48:00,103.05,201.22,148.55,243.51
2025-01-01 23:49:00,103.13,201.07,148.41,243.29
2025-01-01 23:50:00,103.15,201.11,148.45,243.34
2025-01-01 23:51:00,103.03,201.05,148.31,243.11
2025-01-01 23:52:00,103.23,201.06,148.4,243.18
2025-01-01 23:53:00,103.33,201.17,148.42,243.06
2025-01-01 23:54:00,103.33,200.91,148.16,242.69
2025-01-01 23:55:00,103.21,201.19,148.34,242.86
2025-01-01 23:56:00,103.29,201.47,148.63,243.32
2025-01-01 23:57:00,103.38,201.26,148.66,243.16
2025-01-01 23:58:00,103.39,201.23,148.61,243.09
2025-01-01 23:59:00,103.58,201.41,148.73,243.09
2025-01-02 00:00:00,103.5,201.42,148.68,243.55
2025-01-02 00:01:00,103.41,201.59,148.79,243.88
2025-01-02 00:02:00,103.25,201.79,149.01,244.21
2025-01-02 00:03:00,103.22,201.69,148.87,244.2
2025-01-02 00:04:00,103.28,201.53,148.7,243.93
2025-01-02 00:05:00,103.54,201.16,148.58,243.47
2025-01-02 00:06:00,103.46,200.92,148.54,243.13
2025-01-02 00:07:00,103.47,200.85,148.55,243.17
2025-01-02 00:08:00,103.38,201.24,148.71,243.53
2025-01-02 00:09:00,103.46,201.11,148.61,243.52
2025-01-02 00:10:00,103.77,200.93,148.67,243.7
2025-01-02 00:11:00,103.8,200.72,148.68,243.86
2025-01-02 00:12:00,103.69,200.9,148.72,244.05
2025-01-02 00:13:00,103.76,201.45,149.03,244.72
2025-01-02 00:14:00,103.83,201.07,148.95,244.67
2025-01-02 00:15:00,104.04,200.92,148.91,244.49
2025-01-02 00:16:00,104.06,201.07,148.91,244.65
2025-01-02 00:17:00,104.04,201.35,149.0,245.02
2025-01-02 00:18:00,104.08,201.68,149.28,245.5
2025-01-02 00:19:00,104.19,201.84,149.43,245.72
2025-01-02 00:20:00,104.31,201.78,149.43,245.53
2025-01-02 00:21:00,104.36,201.69,149.56,245.52
2025-01-02 00:22:00,104.45,201.99,149.67,245.73
2025-01-02 00:23:00,104.57,202.18,149.65,245.91
2025-01-02 00:24:00,104.71,202.33,149.69,245.91
2025-01-02 00:25:00,104.76,202.94,149.93,246.17
2025-01-02 00:26:00,104.72,202.97,150.21,246.25
2025-01-02 00:27:00,104.82,203.43,150.47,246.45
2025-01-02 00:28:00,104.98,203.53,150.6,246.69
2025-01-02 00:29:00,104.88,203.52,150.6,246.73
2025-01-02 00:30:00,104.95,203.55,150.58,246.71
2025-01-02 00:31:00,104.9,203.75,150.76,246.89
2025-01-02 00:32:00,104.96,203.53,150.76,246.56
2025-01-02 00:33:00,105.11,203.64,150.74,246.6
2025-01-02 00:34:00,105.13,203.4,150.81,246.59
2025-01-02 00:35:00,105.16,203.48,150.79,246.71
2025-01-02 00:36:00,104.93,203.7,151.08,246.96
2025-01-02 00:37:00,104.95,203.63,151.0,246.87
2025-01-02 00:38:00,104.96,203.59,151.05,246.91
2025-01-02 00:39:00,105.19,203.44,150.79,246.47
2025-01-02 00:40:00,105.25,203.54,150.8,246.59
2025-01-02 00:41:00,105.39,203.71,150.91,246.92
2025-01-02 00:42:00,105.45,204.07,151.31,247.55
2025-01-02 00:43:00,105.64,204.09,151.2,247.5
2025-01-02 00:44:00,105.54,204.2,151.12,247.39
2025-01-02 00:45:00,105.54,204.44,151.16,247.48
2025-01-02 00:46:00,105.56,204.75,151.39,248.0
2025-01-02 00:47:00,105.55,204.79,151.41,247.93
2025-01-02 00:48:00,105.49,204.86,151.53,248.17
2025-01-02 00:49:00,105.49,205.12,151.62,248.48
2025-01-02 00:50:00,105.5,205.08,151.78,248.74
2025-01-02 00:51:00,105.43,205.07,151.73,248.66
2025-01-02 00:52:00,105.38,205.09,151.74,248.78
2025-01-02 00:53:00,105.32,205.3,151.78,249.23
2025-01-02 00:54:00,105.56,205.1,151.6,249.03
2025-01-02 00:55:00,105.35,205.15,151.6,249.0
2025-01-02 00:56:00,105.16,205.0,151.56,248.77
2025-01-02 00:57:00,105.18,205.27,151.78,249.1
2025-01-02 00:58:00,105.4,205.12,151.46,248.56
2025-01-02 00:59:00,105.5,205.1,151.39,248.4
2025-01-02 01:00:00,105.38,205.27,151.5,248.63
2025-01-02 01:01:00,105.6,205.54,151.85,248.75
2025-01-02 01:02:00,105.43,205.44,151.91,248.92
2025-01-02 01:03:00,105.19,205.42,151.88,248.92
2025-01-02 01:04:00,105.37,205.9,152.17,249.33
2025-01-02 01:05:00,105.24,205.75,151.98,249.04
2025-01-02 01:06:00,105.15,205.24,151.74,248.49
2025-01-02 01:07:00,105.25,205.31,151.71,248.76
2025-01-02 01:08:00,105.33,205.03,151.6,248.75
2025-01-02 01:09:00,105.28,204.79,151.39,248.33
2025-01-02 01:10:00,105.16,205.03,151.53,248.57
2025-01-02 01:11:00,105.23,205.03,151.66,248.61
2025-01-02 01:12:00,105.31,204.98,151.53,248.48
2025-01-02 01:13:00,105.28,204.7,151.15,248.07
2025-01-02 01:14:00,105.51,204.91,151.25,248.5
2025-01-02 01:15:00,105.38,204.93,151.42,248.8
2025-01-02 01:16:00,105.24,204.92,151.45,248.68
2025-01-02 01:17:00,105.16,204.99,151.76,248.97
2025-01-02 01:18:00,105.22,204.75,151.57,248.66
2025-01-02 01:19:00,105.24,204.27,151.25,248.33
2025-01-02 01:20:00,105.12,204.26,151.18,248.19
2025-01-02 01:21:00,105.22,204.33,151.11,248.34
2025-01-02 01:22:00,105.04,204.42,151.31,248.49
2025-01-02 01:23:00,105.16,204.53,151.32,248.55
2025-01-02 01:24:00,105.12,204.5,151.33,248.68
2025-01-02 01:25:00,105.31,204.43,151.09,248.2
2025-01-02 01:26:00,105.24,204.82,151.3,248.53
2025-01-02 01:27:00,105.45,204.78,151.27,248.64
2025-01-02 01:28:00,105.56,205.12,151.53,248.92
2025-01-02 01:29:00,105.62,205.08,151.59,249.06
2025-01-02 01:30:00,105.69,205.09,151.61,249.14
2025-01-02 01:31:00,105.84,205.14,151.84,249.15
2025-01-02 01:32:00,105.89,205.18,151.91,249.25
2025-01-02 01:33:00,106.0,205.2,152.07,249.45
2025-01-02 01:34:00,106.02,205.6,152.22,249.7
2025-01-02 01:35:00,106.18,205.62,152.28,249.72
2025-01-02 01:36:00,106.1,205.8,152.41,249.78
2025-01-02 01:37:00,106.28,205.72,152.25,249.89
2025-01-02 01:38:00,106.27,205.83,152.63,250.22
2025-01-02 01:39:00,106.17,205.72,152.62,250.23
2025-01-02 01:40:00,106.22,205.89,152.87,250.87
2025-01-02 01:41:00,105.99,205.88,152.78,250.85
2025-01-02 01:42:00,106.12,205.44,152.58,250.37
2025-01-02 01:43:00,106.06,205.67,152.61,250.14
2025-01-02 01:44:00,106.01,205.63,152.53,249.78
2025-01-02 01:45:00,105.79,205.81,152.68,249.82
2025-01-02 01:46:00,105.8,205.81,152.62,249.83
2025-01-02 01:47:00,105.59,205.63,152.66,249.73
2025-01-02 01:48:00,105.39,205.29,152.41,249.31
2025-01-02 01:49:00,105.49,205.22,152.26,248.92
2025-01-02 01:50:00,105.52,204.75,152.0,248.17
2025-01-02 01:51:00,105.49,204.56,151.88,247.89
2025-01-02 01:52:00,105.36,204.79,152.24,248.11
2025-01-02 01:53:00,105.4,204.98,152.27,248.29
2025-01-02 01:54:00,105.45,204.9,152.36,248.47
2025-01-02 01:55:00,105.35,204.6,152.05,248.43
2025-01-02 01:56:00,105.55,204.58,152.08,248.39
2025-01-02 01:57:00,105.67,204.59,152.04,248.4
2025-01-02 01:58:00,105.61,204.24,152.01,248.13
2025-01-02 01:59:00,105.64,204.79,152.18,248.8
2025-01-02 02:00:00,105.7,205.12,152.19,248.76
2025-01-02 02:01:00,105.52,205.14,152.12,248.79
2025-01-02 02:02:00,105.56,205.15,151.97,248.78
2025-01-02 02:03:00,105.53,205.17,152.06,248.91
2025-01-02 02:04:00,105.44,204.66,151.59,248.32
2025-01-02 02:05:00,105.47,204.62,151.56,248.25
2025-01-02 02:06:00,105.65,204.5,151.3,248.17
2025-01-02 02:07:00,105.68,204.17,151.12,248.31
2025-01-02 02:08:00,105.61,204.15,151.2,248.34
2025-01-02 02:09:00,105.63,204.5,151.5,248.68
